Age,BMI,SBP,DBP,Triglyceride,Total_Cholesterol,HDL,LDL,Glucose,AST,ALT,G_GTP,Shift_Years,Consecutive_Night_Days,Weekly_Work_Hours,Night_Worker,PHATE1,PHATE2,Risk_Prob
28,21.5,115,72,85,175,65,105,92,22,18,25,3,4,48,1,2.512641733473299e-09,1.2653977188981876e-24,0.6
45,25.2,124,78,132,210,58,125,102,28,32,35,0,0,40,0,1.933726442045526e-10,-2.3146595404394828e-23,0.6
34,27.8,132,84,188,235,42,155,108,40,45,52,8,5,56,1,-3.006749863301293e-09,1.4826118254326013e-23,0.6
39,23.1,118,75,115,195,62,112,95,24,20,28,0,0,42,0,1.3040800320803514e-09,2.294919289620925e-23,0.6
31,24.5,121,80,162,205,50,138,98,30,28,42,6,3,50,1,-1.0033445464569091e-09,-1.589411346503862e-23,0.6
